{
  "period": 26,
  "overbought": 88.63094682905272,
  "oversold": 39.66567248911506
}